{"branches": 92.64705882352942, "coverage": 97.35807323666748}