{"branches": 69.91869918699187, "coverage": 74.46808510638297}