{"branches": 65.9090909090909, "coverage": 58.79428216283406}