{"branches": 92.36453201970444, "coverage": 97.1608443402049}